Date;Filière;Valeur (TWh);Nature
2010-01;"Wind power generation";0,688;Données Consolidées
2010-02;"Wind power generation";0,98;Données Consolidées
2010-03;"Wind power generation";1,175;Données Consolidées
2010-04;"Wind power generation";0,731;Données Consolidées
2010-05;"Wind power generation";0,743;Données Consolidées
2010-06;"Wind power generation";0,581;Données Consolidées
2010-07;"Wind power generation";0,488;Données Consolidées
2010-08;"Wind power generation";0,684;Données Consolidées
2010-09;"Wind power generation";0,569;Données Consolidées
2010-10;"Wind power generation";1,075;Données Consolidées
2010-11;"Wind power generation";1,01;Données Consolidées
2010-12;"Wind power generation";1,003;Données Consolidées
2011-01;"Wind power generation";1,268;Données Consolidées
2011-02;"Wind power generation";0,9;Données Consolidées
2011-03;"Wind power generation";1,135;Données Consolidées
2011-04;"Wind power generation";0,688;Données Consolidées
2011-05;"Wind power generation";0,749;Données Consolidées
2011-06;"Wind power generation";0,886;Données Consolidées
2011-07;"Wind power generation";0,839;Données Consolidées
2011-08;"Wind power generation";0,687;Données Consolidées
2011-09;"Wind power generation";0,855;Données Consolidées
2011-10;"Wind power generation";1,07;Données Consolidées
2011-11;"Wind power generation";0,945;Données Consolidées
2011-12;"Wind power generation";2,053;Données Consolidées
2012-01;"Wind power generation";1,587;Données Consolidées
2012-02;"Wind power generation";1,123;Données Consolidées
2012-03;"Wind power generation";0,977;Données Consolidées
2012-04;"Wind power generation";1,572;Données Consolidées
2012-05;"Wind power generation";0,974;Données Consolidées
2012-06;"Wind power generation";0,994;Données Consolidées
2012-07;"Wind power generation";0,912;Données Consolidées
2012-08;"Wind power generation";0,907;Données Consolidées
2012-09;"Wind power generation";0,931;Données Consolidées
2012-10;"Wind power generation";1,355;Données Consolidées
2012-11;"Wind power generation";1,309;Données Consolidées
2012-12;"Wind power generation";2,29;Données Consolidées
2013-01;"Wind power generation";1,326;Données Consolidées
2013-02;"Wind power generation";1,463;Données Consolidées
2013-03;"Wind power generation";1,352;Données Consolidées
2013-04;"Wind power generation";1,49;Données Consolidées
2013-05;"Wind power generation";1,155;Données Consolidées
2013-06;"Wind power generation";1,16;Données Consolidées
2013-07;"Wind power generation";0,877;Données Consolidées
2013-08;"Wind power generation";0,739;Données Consolidées
2013-09;"Wind power generation";0,948;Données Consolidées
2013-10;"Wind power generation";1,612;Données Consolidées
2013-11;"Wind power generation";1,809;Données Consolidées
2013-12;"Wind power generation";2,011;Données Consolidées
2014-01;"Wind power generation";2,181930765;Données Consolidées
2014-02;"Wind power generation";2,472573395;Données Consolidées
2014-03;"Wind power generation";1,282373217;Données Consolidées
2014-04;"Wind power generation";1,048399965;Données Consolidées
2014-05;"Wind power generation";1,519585523;Données Consolidées
2014-06;"Wind power generation";0,955105605;Données Consolidées
2014-07;"Wind power generation";0,94654156;Données Consolidées
2014-08;"Wind power generation";0,975654709;Données Consolidées
2014-09;"Wind power generation";0,723096472;Données Consolidées
2014-10;"Wind power generation";1,269911121;Données Consolidées
2014-11;"Wind power generation";1,492060319;Données Consolidées
2014-12;"Wind power generation";2,106223207;Données Consolidées
2015-01;"Wind power generation";2,299499355;Données Consolidées
2015-02;"Wind power generation";1,910273513;Données Consolidées
2015-03;"Wind power generation";2,005330166;Données Consolidées
2015-04;"Wind power generation";1,452411474;Données Consolidées
2015-05;"Wind power generation";1,580470869;Données Consolidées
2015-06;"Wind power generation";1,254703138;Données Consolidées
2015-07;"Wind power generation";1,399122421;Données Consolidées
2015-08;"Wind power generation";1,126091025;Données Consolidées
2015-09;"Wind power generation";1,674529235;Données Consolidées
2015-10;"Wind power generation";1,292109478;Données Consolidées
2015-11;"Wind power generation";2,54487977;Données Consolidées
2015-12;"Wind power generation";2,572774139;Données Consolidées
2016-01;"Wind power generation";2,850363945;Données Consolidées
2016-02;"Wind power generation";2,899854449;Données Consolidées
2016-03;"Wind power generation";2,453641916;Données Consolidées
2016-04;"Wind power generation";1,670149414;Données Consolidées
2016-05;"Wind power generation";1,541870077;Données Consolidées
2016-06;"Wind power generation";1,071145828;Données Consolidées
2016-07;"Wind power generation";1,017766236;Données Consolidées
2016-08;"Wind power generation";1,187715009;Données Consolidées
2016-09;"Wind power generation";0,990726539;Données Consolidées
2016-10;"Wind power generation";1,409801363;Données Consolidées
2016-11;"Wind power generation";2,323655174;Données Consolidées
2016-12;"Wind power generation";1,529318185;Données Consolidées
2017-01;"Wind power generation";2,043715104831;Données Consolidées
2017-02;"Wind power generation";2,534326608499;Données Consolidées
2017-03;"Wind power generation";2,647432809502;Données Consolidées
2017-04;"Wind power generation";1,459997116501;Données Consolidées
2017-05;"Wind power generation";1,494177471334;Données Consolidées
2017-06;"Wind power generation";1,468629520002;Données Consolidées
2017-07;"Wind power generation";1,704786485334;Données Consolidées
2017-08;"Wind power generation";1,232375436663;Données Consolidées
2017-09;"Wind power generation";1,638291637165;Données Consolidées
2017-10;"Wind power generation";2,074851764002;Données Consolidées
2017-11;"Wind power generation";2,315354451667;Données Consolidées
2017-12;"Wind power generation";3,365612346502;Données Consolidées
2018-01;"Wind power generation";3,998781846333;Données Consolidées
2018-02;"Wind power generation";2,778074741002;Données Consolidées
2018-03;"Wind power generation";3,125905008164;Données Consolidées
2018-04;"Wind power generation";2,160852737334;Données Consolidées
2018-05;"Wind power generation";1,598885334834;Données Consolidées
2018-06;"Wind power generation";1,370421285331;Données Consolidées
2018-07;"Wind power generation";1,100474301504;Données Consolidées
2018-08;"Wind power generation";1,402971755001;Données Consolidées
2018-09;"Wind power generation";1,612137183168;Données Consolidées
2018-10;"Wind power generation";2,491466995335;Données Consolidées
2018-11;"Wind power generation";2,801367641833;Données Consolidées
2018-12;"Wind power generation";3,651540939334;Données Consolidées
2019-01;"Wind power generation";3,050435165168;Données Consolidées
2019-02;"Wind power generation";2,6250344105;Données Consolidées
2019-03;"Wind power generation";4,421031634835;Données Consolidées
2019-04;"Wind power generation";2,316183978501;Données Consolidées
2019-05;"Wind power generation";2,204962824832;Données Consolidées
2019-06;"Wind power generation";1,866695914168;Données Consolidées
2019-07;"Wind power generation";1,699200597498;Données Consolidées
2019-08;"Wind power generation";1,632582021998;Données Consolidées
2019-09;"Wind power generation";2,612926876839;Données Consolidées
2019-10;"Wind power generation";3,359795886168;Données Consolidées
2019-11;"Wind power generation";3,338164607165;Données Consolidées
2019-12;"Wind power generation";4,649236096502;Données Consolidées
2020-01;"Wind power generation";4,159034592832;Données Consolidées
2020-02;"Wind power generation";5,886467195168;Données Consolidées
2020-03;"Wind power generation";4,486351539168;Données Consolidées
2020-04;"Wind power generation";2,273310543;Données Consolidées
2020-05;"Wind power generation";2,653211601334;Données Consolidées
2020-06;"Wind power generation";2,043719374664;Données Consolidées
2020-07;"Wind power generation";2,0985652;Données Consolidées
2020-08;"Wind power generation";2,040062200998;Données Consolidées
2020-09;"Wind power generation";2,140145431666;Données Consolidées
2020-10;"Wind power generation";4,322241909;Données Consolidées
2020-11;"Wind power generation";3,167235663333;Données Consolidées
2020-12;"Wind power generation";4,411615265336;Données Consolidées
2021-01;"Wind power generation";3,965656689006;Données Consolidées
2021-02;"Wind power generation";4,255260634669;Données Consolidées
2021-03;"Wind power generation";3,705755463833;Données Consolidées
2021-04;"Wind power generation";2,945286343668;Données Consolidées
2021-05;"Wind power generation";3,942419230335;Données Consolidées
2021-06;"Wind power generation";1,341539516999;Données Consolidées
2021-07;"Wind power generation";2,301773263665;Données Consolidées
2021-08;"Wind power generation";2,223167389504;Données Consolidées
2021-09;"Wind power generation";1,655743292667;Données Consolidées
2021-10;"Wind power generation";3,490455013995;Données Consolidées
2021-11;"Wind power generation";2,728709987672;Données Consolidées
2021-12;"Wind power generation";4,351562785334;Données Consolidées
2022-01;"Wind power generation";3,154244706874;Données Consolidées
2022-02;"Wind power generation";5,340797262923;Données Consolidées
2022-03;"Wind power generation";3,519739170649;Données Consolidées
2022-04;"Wind power generation";3,592196533637;Données Consolidées
2022-05;"Wind power generation";2,127249435651;Données Consolidées
2022-06;"Wind power generation";1,844452706011;Données Consolidées
2022-07;"Wind power generation";1,886441278134;Données Consolidées
2022-08;"Wind power generation";2,077778922039;Données Consolidées
2022-09;"Wind power generation";2,310111858366;Données Consolidées
2022-10;"Wind power generation";3,533878030186;Données Consolidées
2022-11;"Wind power generation";4,8809952873;Données Consolidées
2022-12;"Wind power generation";4,613283227686;Données Consolidées
2023-01;"Wind power generation";5,657590127098;Données Consolidées
2023-02;"Wind power generation";3,425755608026;Données Consolidées
2023-03;"Wind power generation";5,952250165062;Données Consolidées
2023-04;"Wind power generation";3,846741273823;Données Consolidées
2023-05;"Wind power generation";3,694918667668;Données Consolidées
2023-06;"Wind power generation";2,107654023378;Données Consolidées
2023-07;"Wind power generation";3,257728255447;Données Consolidées
2023-08;"Wind power generation";2,781521224357;Données Consolidées
2023-09;"Wind power generation";2,386201659655;Données Consolidées
2023-10;"Wind power generation";4,542094409241;Données Consolidées
2023-11;"Wind power generation";6,476702058035;Données Consolidées
2023-12;"Wind power generation";6,767178589649;Données Consolidées
2024-01;"Wind power generation";5,452773180517;Données Consolidées
2024-02;"Wind power generation";5,821825508108;Données Consolidées
2024-03;"Wind power generation";4,5659868050932;Données Consolidées
2024-04;"Wind power generation";4,631424700179;Données Consolidées
2024-05;"Wind power generation";2,580478730067;Données Consolidées
2024-06;"Wind power generation";2,383273954404;Données Consolidées
2024-07;"Wind power generation";2,142191695704;Données Consolidées
2024-08;"Wind power generation";2,153823208309;Données Consolidées
2024-09;"Wind power generation";4,126944007582;Données Consolidées
2024-10;"Wind power generation";3,368975279867;Données Consolidées
2024-11;"Wind power generation";4,134301614852;Données Consolidées
2024-12;"Wind power generation";5,484994270256;Données Consolidées
2025-01;"Wind power generation";5,745629147651;Données Consolidées
2025-02;"Wind power generation";3,682957232399;Données Consolidées
2025-03;"Wind power generation";4,153979435129;Données Consolidées
2025-04;"Wind power generation";3,674672443358;Données Consolidées
2025-05;"Wind power generation";3,462058277932;Données Consolidées
2025-06;"Wind power generation";2,45387178571;Données Consolidées
2025-07;"Wind power generation";2,903203931176;Données Consolidées
2025-08;"Wind power generation";2,6344559528052;Données Consolidées
2025-09;"Wind power generation";3,982932101566;Données Consolidées
2025-10;"Wind power generation";5,511210292931;Données Consolidées
2025-11;"Wind power generation";5,506152557769;Données Consolidées
2025-12;"Wind power generation";5,926746140494;Données Consolidées
2026-01;"Wind power generation";6,141300844619;Données Consolidées
2010-01;"Offshore wind";0;Données Consolidées
2010-02;"Offshore wind";0;Données Consolidées
2010-03;"Offshore wind";0;Données Consolidées
2010-04;"Offshore wind";0;Données Consolidées
2010-05;"Offshore wind";0;Données Consolidées
2010-06;"Offshore wind";0;Données Consolidées
2010-07;"Offshore wind";0;Données Consolidées
2010-08;"Offshore wind";0;Données Consolidées
2010-09;"Offshore wind";0;Données Consolidées
2010-10;"Offshore wind";0;Données Consolidées
2010-11;"Offshore wind";0;Données Consolidées
2010-12;"Offshore wind";0;Données Consolidées
2011-01;"Offshore wind";0;Données Consolidées
2011-02;"Offshore wind";0;Données Consolidées
2011-03;"Offshore wind";0;Données Consolidées
2011-04;"Offshore wind";0;Données Consolidées
2011-05;"Offshore wind";0;Données Consolidées
2011-06;"Offshore wind";0;Données Consolidées
2011-07;"Offshore wind";0;Données Consolidées
2011-08;"Offshore wind";0;Données Consolidées
2011-09;"Offshore wind";0;Données Consolidées
2011-10;"Offshore wind";0;Données Consolidées
2011-11;"Offshore wind";0;Données Consolidées
2011-12;"Offshore wind";0;Données Consolidées
2012-01;"Offshore wind";0;Données Consolidées
2012-02;"Offshore wind";0;Données Consolidées
2012-03;"Offshore wind";0;Données Consolidées
2012-04;"Offshore wind";0;Données Consolidées
2012-05;"Offshore wind";0;Données Consolidées
2012-06;"Offshore wind";0;Données Consolidées
2012-07;"Offshore wind";0;Données Consolidées
2012-08;"Offshore wind";0;Données Consolidées
2012-09;"Offshore wind";0;Données Consolidées
2012-10;"Offshore wind";0;Données Consolidées
2012-11;"Offshore wind";0;Données Consolidées
2012-12;"Offshore wind";0;Données Consolidées
2013-01;"Offshore wind";0;Données Consolidées
2013-02;"Offshore wind";0;Données Consolidées
2013-03;"Offshore wind";0;Données Consolidées
2013-04;"Offshore wind";0;Données Consolidées
2013-05;"Offshore wind";0;Données Consolidées
2013-06;"Offshore wind";0;Données Consolidées
2013-07;"Offshore wind";0;Données Consolidées
2013-08;"Offshore wind";0;Données Consolidées
2013-09;"Offshore wind";0;Données Consolidées
2013-10;"Offshore wind";0;Données Consolidées
2013-11;"Offshore wind";0;Données Consolidées
2013-12;"Offshore wind";0;Données Consolidées
2014-01;"Offshore wind";0;Données Consolidées
2014-02;"Offshore wind";0;Données Consolidées
2014-03;"Offshore wind";0;Données Consolidées
2014-04;"Offshore wind";0;Données Consolidées
2014-05;"Offshore wind";0;Données Consolidées
2014-06;"Offshore wind";0;Données Consolidées
2014-07;"Offshore wind";0;Données Consolidées
2014-08;"Offshore wind";0;Données Consolidées
2014-09;"Offshore wind";0;Données Consolidées
2014-10;"Offshore wind";0;Données Consolidées
2014-11;"Offshore wind";0;Données Consolidées
2014-12;"Offshore wind";0;Données Consolidées
2015-01;"Offshore wind";0;Données Consolidées
2015-02;"Offshore wind";0;Données Consolidées
2015-03;"Offshore wind";0;Données Consolidées
2015-04;"Offshore wind";0;Données Consolidées
2015-05;"Offshore wind";0;Données Consolidées
2015-06;"Offshore wind";0;Données Consolidées
2015-07;"Offshore wind";0;Données Consolidées
2015-08;"Offshore wind";0;Données Consolidées
2015-09;"Offshore wind";0;Données Consolidées
2015-10;"Offshore wind";0;Données Consolidées
2015-11;"Offshore wind";0;Données Consolidées
2015-12;"Offshore wind";0;Données Consolidées
2016-01;"Offshore wind";0;Données Consolidées
2016-02;"Offshore wind";0;Données Consolidées
2016-03;"Offshore wind";0;Données Consolidées
2016-04;"Offshore wind";0;Données Consolidées
2016-05;"Offshore wind";0;Données Consolidées
2016-06;"Offshore wind";0;Données Consolidées
2016-07;"Offshore wind";0;Données Consolidées
2016-08;"Offshore wind";0;Données Consolidées
2016-09;"Offshore wind";0;Données Consolidées
2016-10;"Offshore wind";0;Données Consolidées
2016-11;"Offshore wind";0;Données Consolidées
2016-12;"Offshore wind";0;Données Consolidées
2017-01;"Offshore wind";0;Données Consolidées
2017-02;"Offshore wind";0;Données Consolidées
2017-03;"Offshore wind";0;Données Consolidées
2017-04;"Offshore wind";0;Données Consolidées
2017-05;"Offshore wind";0;Données Consolidées
2017-06;"Offshore wind";0;Données Consolidées
2017-07;"Offshore wind";0;Données Consolidées
2017-08;"Offshore wind";0;Données Consolidées
2017-09;"Offshore wind";0;Données Consolidées
2017-10;"Offshore wind";0;Données Consolidées
2017-11;"Offshore wind";0;Données Consolidées
2017-12;"Offshore wind";0;Données Consolidées
2018-01;"Offshore wind";0;Données Consolidées
2018-02;"Offshore wind";0;Données Consolidées
2018-03;"Offshore wind";0;Données Consolidées
2018-04;"Offshore wind";0;Données Consolidées
2018-05;"Offshore wind";0;Données Consolidées
2018-06;"Offshore wind";0;Données Consolidées
2018-07;"Offshore wind";0;Données Consolidées
2018-08;"Offshore wind";0;Données Consolidées
2018-09;"Offshore wind";9,87E-7;Données Consolidées
2018-10;"Offshore wind";2,4455E-5;Données Consolidées
2018-11;"Offshore wind";0,000141887;Données Consolidées
2018-12;"Offshore wind";4,2E-5;Données Consolidées
2019-01;"Offshore wind";0,000358366;Données Consolidées
2019-02;"Offshore wind";0,000293651;Données Consolidées
2019-03;"Offshore wind";0,000472989;Données Consolidées
2019-04;"Offshore wind";0,00048829;Données Consolidées
2019-05;"Offshore wind";0,000365082;Données Consolidées
2019-06;"Offshore wind";0,000287875;Données Consolidées
2019-07;"Offshore wind";0,000327827;Données Consolidées
2019-08;"Offshore wind";0,00028357;Données Consolidées
2019-09;"Offshore wind";0,000630707;Données Consolidées
2019-10;"Offshore wind";0,000637437;Données Consolidées
2019-11;"Offshore wind";0,000801185;Données Consolidées
2019-12;"Offshore wind";0,000721084;Données Consolidées
2020-01;"Offshore wind";0,000604389;Données Consolidées
2020-02;"Offshore wind";0,000877834;Données Consolidées
2020-03;"Offshore wind";0,000739134;Données Consolidées
2020-04;"Offshore wind";0,000421528;Données Consolidées
2020-05;"Offshore wind";0,000474904;Données Consolidées
2020-06;"Offshore wind";0,000369403;Données Consolidées
2020-07;"Offshore wind";0,000304386;Données Consolidées
2020-08;"Offshore wind";0,000335151;Données Consolidées
2020-09;"Offshore wind";0,000279833;Données Consolidées
2020-10;"Offshore wind";0,000701624;Données Consolidées
2020-11;"Offshore wind";0,000595125;Données Consolidées
2020-12;"Offshore wind";0,000767695;Données Consolidées
2021-01;"Offshore wind";0,000620161;Données Consolidées
2021-02;"Offshore wind";0,000756154;Données Consolidées
2021-03;"Offshore wind";0,00055222;Données Consolidées
2021-04;"Offshore wind";0,000526195;Données Consolidées
2021-05;"Offshore wind";0,000693038;Données Consolidées
2021-06;"Offshore wind";0,000243623;Données Consolidées
2021-07;"Offshore wind";0,00041825;Données Consolidées
2021-08;"Offshore wind";0,000227912;Données Consolidées
2021-09;"Offshore wind";0,000230742;Données Consolidées
2021-10;"Offshore wind";0,000298356;Données Consolidées
2021-11;"Offshore wind";0,000457969;Données Consolidées
2021-12;"Offshore wind";0,000383167;Données Consolidées
2022-01;"Offshore wind";0,000293479666;Données Consolidées
2022-02;"Offshore wind";0,000575044668;Données Consolidées
2022-03;"Offshore wind";0,000387701;Données Consolidées
2022-04;"Offshore wind";0,000369006164;Données Consolidées
2022-05;"Offshore wind";0,000262631168;Données Consolidées
2022-06;"Offshore wind";0,002601931502;Données Consolidées
2022-07;"Offshore wind";0,019967377712;Données Consolidées
2022-08;"Offshore wind";0,041636045372;Données Consolidées
2022-09;"Offshore wind";0,080893060064;Données Consolidées
2022-10;"Offshore wind";0,129913740403;Données Consolidées
2022-11;"Offshore wind";0,166063349664;Données Consolidées
2022-12;"Offshore wind";0,177861117003;Données Consolidées
2023-01;"Offshore wind";0,184883670002;Données Consolidées
2023-02;"Offshore wind";0,093405312673;Données Consolidées
2023-03;"Offshore wind";0,196544778331;Données Consolidées
2023-04;"Offshore wind";0,120253749331;Données Consolidées
2023-05;"Offshore wind";0,140124204334;Données Consolidées
2023-06;"Offshore wind";0,064442418392;Données Consolidées
2023-07;"Offshore wind";0,10048582407;Données Consolidées
2023-08;"Offshore wind";0,108701844204;Données Consolidées
2023-09;"Offshore wind";0,119441425447;Données Consolidées
2023-10;"Offshore wind";0,251843114693;Données Consolidées
2023-11;"Offshore wind";0,284760614025;Données Consolidées
2023-12;"Offshore wind";0,222269911407;Données Consolidées
2024-01;"Offshore wind";0,286969742886;Données Consolidées
2024-02;"Offshore wind";0,368250519582;Données Consolidées
2024-03;"Offshore wind";0,311851373385;Données Consolidées
2024-04;"Offshore wind";0,350854531884;Données Consolidées
2024-05;"Offshore wind";0,28007064384;Données Consolidées
2024-06;"Offshore wind";0,238232502398;Données Consolidées
2024-07;"Offshore wind";0,256439368899;Données Consolidées
2024-08;"Offshore wind";0,260148585166;Données Consolidées
2024-09;"Offshore wind";0,395193268859;Données Consolidées
2024-10;"Offshore wind";0,318761735647;Données Consolidées
2024-11;"Offshore wind";0,388194755559;Données Consolidées
2024-12;"Offshore wind";0,526822299605;Données Consolidées
2025-01;"Offshore wind";0,456272249897;Données Consolidées
2025-02;"Offshore wind";0,373692615994;Données Consolidées
2025-03;"Offshore wind";0,389754655871;Données Consolidées
2025-04;"Offshore wind";0,397630865892;Données Consolidées
2025-05;"Offshore wind";0,364977285302;Données Consolidées
2025-06;"Offshore wind";0,259865825048;Données Consolidées
2025-07;"Offshore wind";0,346860397671;Données Consolidées
2025-08;"Offshore wind";0,36512310479;Données Consolidées
2025-09;"Offshore wind";0,508206689976;Données Consolidées
2025-10;"Offshore wind";0,68389888963;Données Consolidées
2025-11;"Offshore wind";0,771793704992;Données Consolidées
2025-12;"Offshore wind";0,787723493042;Données Consolidées
2026-01;"Offshore wind";0,736386995736;Données Consolidées
2010-01;"Onshore wind";0,688;Données Consolidées
2010-02;"Onshore wind";0,98;Données Consolidées
2010-03;"Onshore wind";1,175;Données Consolidées
2010-04;"Onshore wind";0,731;Données Consolidées
2010-05;"Onshore wind";0,743;Données Consolidées
2010-06;"Onshore wind";0,581;Données Consolidées
2010-07;"Onshore wind";0,488;Données Consolidées
2010-08;"Onshore wind";0,684;Données Consolidées
2010-09;"Onshore wind";0,569;Données Consolidées
2010-10;"Onshore wind";1,075;Données Consolidées
2010-11;"Onshore wind";1,01;Données Consolidées
2010-12;"Onshore wind";1,003;Données Consolidées
2011-01;"Onshore wind";1,268;Données Consolidées
2011-02;"Onshore wind";0,9;Données Consolidées
2011-03;"Onshore wind";1,135;Données Consolidées
2011-04;"Onshore wind";0,688;Données Consolidées
2011-05;"Onshore wind";0,749;Données Consolidées
2011-06;"Onshore wind";0,886;Données Consolidées
2011-07;"Onshore wind";0,839;Données Consolidées
2011-08;"Onshore wind";0,687;Données Consolidées
2011-09;"Onshore wind";0,855;Données Consolidées
2011-10;"Onshore wind";1,07;Données Consolidées
2011-11;"Onshore wind";0,945;Données Consolidées
2011-12;"Onshore wind";2,053;Données Consolidées
2012-01;"Onshore wind";1,587;Données Consolidées
2012-02;"Onshore wind";1,123;Données Consolidées
2012-03;"Onshore wind";0,977;Données Consolidées
2012-04;"Onshore wind";1,572;Données Consolidées
2012-05;"Onshore wind";0,974;Données Consolidées
2012-06;"Onshore wind";0,994;Données Consolidées
2012-07;"Onshore wind";0,912;Données Consolidées
2012-08;"Onshore wind";0,907;Données Consolidées
2012-09;"Onshore wind";0,931;Données Consolidées
2012-10;"Onshore wind";1,355;Données Consolidées
2012-11;"Onshore wind";1,309;Données Consolidées
2012-12;"Onshore wind";2,29;Données Consolidées
2013-01;"Onshore wind";1,326;Données Consolidées
2013-02;"Onshore wind";1,463;Données Consolidées
2013-03;"Onshore wind";1,352;Données Consolidées
2013-04;"Onshore wind";1,49;Données Consolidées
2013-05;"Onshore wind";1,155;Données Consolidées
2013-06;"Onshore wind";1,16;Données Consolidées
2013-07;"Onshore wind";0,877;Données Consolidées
2013-08;"Onshore wind";0,739;Données Consolidées
2013-09;"Onshore wind";0,948;Données Consolidées
2013-10;"Onshore wind";1,612;Données Consolidées
2013-11;"Onshore wind";1,809;Données Consolidées
2013-12;"Onshore wind";2,011;Données Consolidées
2014-01;"Onshore wind";2,181930765;Données Consolidées
2014-02;"Onshore wind";2,472573395;Données Consolidées
2014-03;"Onshore wind";1,282373217;Données Consolidées
2014-04;"Onshore wind";1,048399965;Données Consolidées
2014-05;"Onshore wind";1,519585523;Données Consolidées
2014-06;"Onshore wind";0,955105605;Données Consolidées
2014-07;"Onshore wind";0,94654156;Données Consolidées
2014-08;"Onshore wind";0,975654709;Données Consolidées
2014-09;"Onshore wind";0,723096472;Données Consolidées
2014-10;"Onshore wind";1,269911121;Données Consolidées
2014-11;"Onshore wind";1,492060319;Données Consolidées
2014-12;"Onshore wind";2,106223207;Données Consolidées
2015-01;"Onshore wind";2,299499355;Données Consolidées
2015-02;"Onshore wind";1,910273513;Données Consolidées
2015-03;"Onshore wind";2,005330166;Données Consolidées
2015-04;"Onshore wind";1,452411474;Données Consolidées
2015-05;"Onshore wind";1,580470869;Données Consolidées
2015-06;"Onshore wind";1,254703138;Données Consolidées
2015-07;"Onshore wind";1,399122421;Données Consolidées
2015-08;"Onshore wind";1,126091025;Données Consolidées
2015-09;"Onshore wind";1,674529235;Données Consolidées
2015-10;"Onshore wind";1,292109478;Données Consolidées
2015-11;"Onshore wind";2,54487977;Données Consolidées
2015-12;"Onshore wind";2,572774139;Données Consolidées
2016-01;"Onshore wind";2,850363945;Données Consolidées
2016-02;"Onshore wind";2,899854449;Données Consolidées
2016-03;"Onshore wind";2,453641916;Données Consolidées
2016-04;"Onshore wind";1,670149414;Données Consolidées
2016-05;"Onshore wind";1,541870077;Données Consolidées
2016-06;"Onshore wind";1,071145828;Données Consolidées
2016-07;"Onshore wind";1,017766236;Données Consolidées
2016-08;"Onshore wind";1,187715009;Données Consolidées
2016-09;"Onshore wind";0,990726539;Données Consolidées
2016-10;"Onshore wind";1,409801363;Données Consolidées
2016-11;"Onshore wind";2,323655174;Données Consolidées
2016-12;"Onshore wind";1,529318185;Données Consolidées
2017-01;"Onshore wind";2,043715104831;Données Consolidées
2017-02;"Onshore wind";2,534326608499;Données Consolidées
2017-03;"Onshore wind";2,647432809502;Données Consolidées
2017-04;"Onshore wind";1,459997116501;Données Consolidées
2017-05;"Onshore wind";1,494177471334;Données Consolidées
2017-06;"Onshore wind";1,468629520002;Données Consolidées
2017-07;"Onshore wind";1,704786485334;Données Consolidées
2017-08;"Onshore wind";1,232375436663;Données Consolidées
2017-09;"Onshore wind";1,638291637165;Données Consolidées
2017-10;"Onshore wind";2,074851764002;Données Consolidées
2017-11;"Onshore wind";2,315354451667;Données Consolidées
2017-12;"Onshore wind";3,365612346502;Données Consolidées
2018-01;"Onshore wind";3,998781846333;Données Consolidées
2018-02;"Onshore wind";2,778074741002;Données Consolidées
2018-03;"Onshore wind";3,125905008164;Données Consolidées
2018-04;"Onshore wind";2,160852737334;Données Consolidées
2018-05;"Onshore wind";1,598885334834;Données Consolidées
2018-06;"Onshore wind";1,370421285331;Données Consolidées
2018-07;"Onshore wind";1,100474301504;Données Consolidées
2018-08;"Onshore wind";1,402971755001;Données Consolidées
2018-09;"Onshore wind";1,612136196168;Données Consolidées
2018-10;"Onshore wind";2,491442540335;Données Consolidées
2018-11;"Onshore wind";2,801225754833;Données Consolidées
2018-12;"Onshore wind";3,651498939334;Données Consolidées
2019-01;"Onshore wind";3,050076799168;Données Consolidées
2019-02;"Onshore wind";2,6247407595;Données Consolidées
2019-03;"Onshore wind";4,420558645835;Données Consolidées
2019-04;"Onshore wind";2,315695688501;Données Consolidées
2019-05;"Onshore wind";2,204597742832;Données Consolidées
2019-06;"Onshore wind";1,866408039168;Données Consolidées
2019-07;"Onshore wind";1,698872770498;Données Consolidées
2019-08;"Onshore wind";1,632298451998;Données Consolidées
2019-09;"Onshore wind";2,612296169839;Données Consolidées
2019-10;"Onshore wind";3,359158449168;Données Consolidées
2019-11;"Onshore wind";3,337363422165;Données Consolidées
2019-12;"Onshore wind";4,648515012502;Données Consolidées
2020-01;"Onshore wind";4,158430203832;Données Consolidées
2020-02;"Onshore wind";5,885589361168;Données Consolidées
2020-03;"Onshore wind";4,485612405168;Données Consolidées
2020-04;"Onshore wind";2,272889015;Données Consolidées
2020-05;"Onshore wind";2,652736697334;Données Consolidées
2020-06;"Onshore wind";2,043349971664;Données Consolidées
2020-07;"Onshore wind";2,098260814;Données Consolidées
2020-08;"Onshore wind";2,039727049998;Données Consolidées
2020-09;"Onshore wind";2,139865598666;Données Consolidées
2020-10;"Onshore wind";4,321540285;Données Consolidées
2020-11;"Onshore wind";3,166640538333;Données Consolidées
2020-12;"Onshore wind";4,410847570336;Données Consolidées
2021-01;"Onshore wind";3,965036528006;Données Consolidées
2021-02;"Onshore wind";4,254504480669;Données Consolidées
2021-03;"Onshore wind";3,705203243833;Données Consolidées
2021-04;"Onshore wind";2,944760148668;Données Consolidées
2021-05;"Onshore wind";3,941726192335;Données Consolidées
2021-06;"Onshore wind";1,341295893999;Données Consolidées
2021-07;"Onshore wind";2,301355013665;Données Consolidées
2021-08;"Onshore wind";2,222939477504;Données Consolidées
2021-09;"Onshore wind";1,655512550667;Données Consolidées
2021-10;"Onshore wind";3,490156657995;Données Consolidées
2021-11;"Onshore wind";2,728252018672;Données Consolidées
2021-12;"Onshore wind";4,351179618334;Données Consolidées
2022-01;"Onshore wind";3,153951227208;Données Consolidées
2022-02;"Onshore wind";5,340222218255;Données Consolidées
2022-03;"Onshore wind";3,519351469649;Données Consolidées
2022-04;"Onshore wind";3,591827527473;Données Consolidées
2022-05;"Onshore wind";2,126986804483;Données Consolidées
2022-06;"Onshore wind";1,841850774509;Données Consolidées
2022-07;"Onshore wind";1,866473900422;Données Consolidées
2022-08;"Onshore wind";2,036142876667;Données Consolidées
2022-09;"Onshore wind";2,229218798302;Données Consolidées
2022-10;"Onshore wind";3,403964289783;Données Consolidées
2022-11;"Onshore wind";4,714931937636;Données Consolidées
2022-12;"Onshore wind";4,435422110683;Données Consolidées
2023-01;"Onshore wind";5,472706457096;Données Consolidées
2023-02;"Onshore wind";3,332350295353;Données Consolidées
2023-03;"Onshore wind";5,755705386731;Données Consolidées
2023-04;"Onshore wind";3,726487524492;Données Consolidées
2023-05;"Onshore wind";3,554794463334;Données Consolidées
2023-06;"Onshore wind";2,043211604986;Données Consolidées
2023-07;"Onshore wind";3,157242431377;Données Consolidées
2023-08;"Onshore wind";2,672819380153;Données Consolidées
2023-09;"Onshore wind";2,266760234208;Données Consolidées
2023-10;"Onshore wind";4,290251294548;Données Consolidées
2023-11;"Onshore wind";6,19194144401;Données Consolidées
2023-12;"Onshore wind";6,544908678242;Données Consolidées
2024-01;"Onshore wind";5,165803437631;Données Consolidées
2024-02;"Onshore wind";5,453574988526;Données Consolidées
2024-03;"Onshore wind";4,2541354317082;Données Consolidées
2024-04;"Onshore wind";4,280570168295;Données Consolidées
2024-05;"Onshore wind";2,300408086227;Données Consolidées
2024-06;"Onshore wind";2,145041452006;Données Consolidées
2024-07;"Onshore wind";1,885752326805;Données Consolidées
2024-08;"Onshore wind";1,893674623143;Données Consolidées
2024-09;"Onshore wind";3,731750738723;Données Consolidées
2024-10;"Onshore wind";3,05021354422;Données Consolidées
2024-11;"Onshore wind";3,746106859293;Données Consolidées
2024-12;"Onshore wind";4,958171970651;Données Consolidées
2025-01;"Onshore wind";5,289356897754;Données Consolidées
2025-02;"Onshore wind";3,309264616405;Données Consolidées
2025-03;"Onshore wind";3,764224779258;Données Consolidées
2025-04;"Onshore wind";3,277041577466;Données Consolidées
2025-05;"Onshore wind";3,09708099263;Données Consolidées
2025-06;"Onshore wind";2,194005960662;Données Consolidées
2025-07;"Onshore wind";2,556343533505;Données Consolidées
2025-08;"Onshore wind";2,2693328480152;Données Consolidées
2025-09;"Onshore wind";3,47472541159;Données Consolidées
2025-10;"Onshore wind";4,827311403301;Données Consolidées
2025-11;"Onshore wind";4,734358852777;Données Consolidées
2025-12;"Onshore wind";5,139022647452;Données Consolidées
2026-01;"Onshore wind";5,404913848883;Données Consolidées
